,DGC,BTC,EVC
GeorgeBaldwin,1.0,0.16666666666666666,0.6648593159776328
NellieMcNiel,1.0,0.16666666666666666,0.6721733857849066
GusMcNiel,0.6666666666666666,0.0,0.3121005975240473
MrEmery,0.6666666666666666,0.0,0.09347858805813182
